,Title
0,"Lynn Conway, Computing Pioneer and Transgender Advocate, Dies at 86"
1,Musk’s Tesla Pay Package Got Big Margin in Shareholder Vote
2,"Apple Joins the A.I. Party, Elon’s Wild Week and HatGPT"
3,"Remo Saraceni, 89, Dies; Inventor of the Walking Piano Seen in ‘Big’"
4,Clearview AI Used Your Face. Now You May Get a Stake in the Company.
5,Musk’s Friends and Fans Applaud Shareholder Vote on His Payday
6,"At X Staff Meetings, Executives Talk Up Return of Advertisers"
7,Tesla Shareholders Approve Big Stock Package for Musk
8,Lawmakers Question Microsoft’s President About Its Presence in China
9,Now You Can Read the Classics With A.I.-Powered Expert Guides
